--------------------------------------------------------
--  File created - Thursday-November-09-2017   
--------------------------------------------------------
CREATE USER ANTE IDENTIFIED BY password;
GRANT ALL PRIVILEGES TO ANTE;
--------------------------------------------------------
--  DDL for Table BET
--------------------------------------------------------

  CREATE TABLE "ANTE"."BET" 
   (	"BET_ID" NUMBER, 
	"USER_ID" NUMBER, 
	"EVENT_CODE" CHAR(5 BYTE), 
	"TRANSACTION_CODE" CHAR(5 BYTE), 
	"COMPETITOR_ID" NUMBER, 
	"AMOUNT_BET" NUMBER(10,2) DEFAULT 0, 
	"WINNINGS" NUMBER(10,2) DEFAULT 0, 
	"STATUS" VARCHAR2(20 BYTE)
   ) SEGMENT CREATION IMMEDIATE 
  PCTFREE 10 PCTUSED 40 INITRANS 1 MAXTRANS 255 NOCOMPRESS LOGGING
  STORAGE(INITIAL 65536 NEXT 1048576 MINEXTENTS 1 MAXEXTENTS 2147483645
  PCTINCREASE 0 FREELISTS 1 FREELIST GROUPS 1 BUFFER_POOL DEFAULT FLASH_CACHE DEFAULT CELL_FLASH_CACHE DEFAULT)
  TABLESPACE "SYSTEM" ;
--------------------------------------------------------
--  DDL for Table COMPETITOR
--------------------------------------------------------

  CREATE TABLE "ANTE"."COMPETITOR" 
   (	"COMPETITOR_ID" NUMBER, 
	"COMPETITOR_NAME" VARCHAR2(20 BYTE), 
	"EVENT_CODE" CHAR(5 BYTE)
   ) SEGMENT CREATION IMMEDIATE 
  PCTFREE 10 PCTUSED 40 INITRANS 1 MAXTRANS 255 NOCOMPRESS LOGGING
  STORAGE(INITIAL 65536 NEXT 1048576 MINEXTENTS 1 MAXEXTENTS 2147483645
  PCTINCREASE 0 FREELISTS 1 FREELIST GROUPS 1 BUFFER_POOL DEFAULT FLASH_CACHE DEFAULT CELL_FLASH_CACHE DEFAULT)
  TABLESPACE "SYSTEM" ;
--------------------------------------------------------
--  DDL for Table EVENT
--------------------------------------------------------

  CREATE TABLE "ANTE"."EVENT" 
   (	"EVENT_CODE" CHAR(5 BYTE), 
	"EVENT_DATE" TIMESTAMP (0), 
	"EVENT_TYPE" CHAR(4 BYTE), 
	"WINNER_ID" NUMBER DEFAULT 0, 
	"SETTLED" NUMBER(*,0) DEFAULT 0, 
	"DONE" NUMBER(*,0) DEFAULT 0, 
	"DRAW" NUMBER DEFAULT 0, 
	"RESULT" VARCHAR2(500 BYTE)
   ) SEGMENT CREATION IMMEDIATE 
  PCTFREE 10 PCTUSED 40 INITRANS 1 MAXTRANS 255 NOCOMPRESS LOGGING
  STORAGE(INITIAL 65536 NEXT 1048576 MINEXTENTS 1 MAXEXTENTS 2147483645
  PCTINCREASE 0 FREELISTS 1 FREELIST GROUPS 1 BUFFER_POOL DEFAULT FLASH_CACHE DEFAULT CELL_FLASH_CACHE DEFAULT)
  TABLESPACE "SYSTEM" ;
--------------------------------------------------------
--  DDL for Table USERS
--------------------------------------------------------

  CREATE TABLE "ANTE"."USERS" 
   (	"USER_ID" NUMBER, 
	"TYPE" NUMBER(*,0) DEFAULT 0, 
	"USERNAME" VARCHAR2(20 BYTE), 
	"PASSWORD" VARCHAR2(20 BYTE), 
	"FIRSTNAME" VARCHAR2(20 BYTE), 
	"LASTNAME" VARCHAR2(20 BYTE), 
	"BALANCE" NUMBER(10,2) DEFAULT 0
   ) SEGMENT CREATION IMMEDIATE 
  PCTFREE 10 PCTUSED 40 INITRANS 1 MAXTRANS 255 NOCOMPRESS LOGGING
  STORAGE(INITIAL 65536 NEXT 1048576 MINEXTENTS 1 MAXEXTENTS 2147483645
  PCTINCREASE 0 FREELISTS 1 FREELIST GROUPS 1 BUFFER_POOL DEFAULT FLASH_CACHE DEFAULT CELL_FLASH_CACHE DEFAULT)
  TABLESPACE "SYSTEM" ;
--------------------------------------------------------
--  DDL for Sequence BET_SQ
--------------------------------------------------------

   CREATE SEQUENCE  "ANTE"."BET_SQ"  MINVALUE 1 MAXVALUE 9999999999999999999999999999 INCREMENT BY 1 START WITH 101 CACHE 20 NOORDER  NOCYCLE ;
--------------------------------------------------------
--  DDL for Sequence COMPETITOR_SQ
--------------------------------------------------------

   CREATE SEQUENCE  "ANTE"."COMPETITOR_SQ"  MINVALUE 1 MAXVALUE 9999999999999999999999999999 INCREMENT BY 1 START WITH 141 CACHE 20 NOORDER  NOCYCLE ;
--------------------------------------------------------
--  DDL for Sequence USER_SQ
--------------------------------------------------------

   CREATE SEQUENCE  "ANTE"."USER_SQ"  MINVALUE 1 MAXVALUE 9999999999999999999999999999 INCREMENT BY 1 START WITH 82 CACHE 20 NOORDER  NOCYCLE ;
REM INSERTING into ANTE.BET
SET DEFINE OFF;
Insert into ANTE.BET (BET_ID,USER_ID,EVENT_CODE,TRANSACTION_CODE,COMPETITOR_ID,AMOUNT_BET,WINNINGS,STATUS) values (73,70,'BBBBB','Q0Q6K',111,100,0,'LOSE');
Insert into ANTE.BET (BET_ID,USER_ID,EVENT_CODE,TRANSACTION_CODE,COMPETITOR_ID,AMOUNT_BET,WINNINGS,STATUS) values (74,70,'CCCCC','FAWX7',121,100,100,'DRAW');
Insert into ANTE.BET (BET_ID,USER_ID,EVENT_CODE,TRANSACTION_CODE,COMPETITOR_ID,AMOUNT_BET,WINNINGS,STATUS) values (79,70,'DDDDD','1UNIM',123,100,100,'DRAW');
Insert into ANTE.BET (BET_ID,USER_ID,EVENT_CODE,TRANSACTION_CODE,COMPETITOR_ID,AMOUNT_BET,WINNINGS,STATUS) values (80,71,'EEEEE','348DQ',125,1000,2000,'WIN');
Insert into ANTE.BET (BET_ID,USER_ID,EVENT_CODE,TRANSACTION_CODE,COMPETITOR_ID,AMOUNT_BET,WINNINGS,STATUS) values (81,71,'FFFFF','FBSFL',127,1000,0,'LOSE');
Insert into ANTE.BET (BET_ID,USER_ID,EVENT_CODE,TRANSACTION_CODE,COMPETITOR_ID,AMOUNT_BET,WINNINGS,STATUS) values (84,71,'GGGGG','0DBPJ',129,283.75,567.5,'WIN');
Insert into ANTE.BET (BET_ID,USER_ID,EVENT_CODE,TRANSACTION_CODE,COMPETITOR_ID,AMOUNT_BET,WINNINGS,STATUS) values (72,70,'AAAAA','RG8F6',109,100,200,'WIN');
Insert into ANTE.BET (BET_ID,USER_ID,EVENT_CODE,TRANSACTION_CODE,COMPETITOR_ID,AMOUNT_BET,WINNINGS,STATUS) values (86,71,'HHHHH','FAM44',131,345.89,345.89,'DRAW');
REM INSERTING into ANTE.COMPETITOR
SET DEFINE OFF;
Insert into ANTE.COMPETITOR (COMPETITOR_ID,COMPETITOR_NAME,EVENT_CODE) values (111,'ONE','BBBBB');
Insert into ANTE.COMPETITOR (COMPETITOR_ID,COMPETITOR_NAME,EVENT_CODE) values (109,'ONE','AAAAA');
Insert into ANTE.COMPETITOR (COMPETITOR_ID,COMPETITOR_NAME,EVENT_CODE) values (110,'TWO','AAAAA');
Insert into ANTE.COMPETITOR (COMPETITOR_ID,COMPETITOR_NAME,EVENT_CODE) values (112,'TWO','BBBBB');
Insert into ANTE.COMPETITOR (COMPETITOR_ID,COMPETITOR_NAME,EVENT_CODE) values (121,'ONE','CCCCC');
Insert into ANTE.COMPETITOR (COMPETITOR_ID,COMPETITOR_NAME,EVENT_CODE) values (123,'ONE','DDDDD');
Insert into ANTE.COMPETITOR (COMPETITOR_ID,COMPETITOR_NAME,EVENT_CODE) values (122,'TWO','CCCCC');
Insert into ANTE.COMPETITOR (COMPETITOR_ID,COMPETITOR_NAME,EVENT_CODE) values (124,'TWO','DDDDD');
Insert into ANTE.COMPETITOR (COMPETITOR_ID,COMPETITOR_NAME,EVENT_CODE) values (125,'ONE','EEEEE');
Insert into ANTE.COMPETITOR (COMPETITOR_ID,COMPETITOR_NAME,EVENT_CODE) values (126,'TWO','EEEEE');
Insert into ANTE.COMPETITOR (COMPETITOR_ID,COMPETITOR_NAME,EVENT_CODE) values (127,'ONE','FFFFF');
Insert into ANTE.COMPETITOR (COMPETITOR_ID,COMPETITOR_NAME,EVENT_CODE) values (128,'TWO','FFFFF');
Insert into ANTE.COMPETITOR (COMPETITOR_ID,COMPETITOR_NAME,EVENT_CODE) values (129,'ONE','GGGGG');
Insert into ANTE.COMPETITOR (COMPETITOR_ID,COMPETITOR_NAME,EVENT_CODE) values (130,'TWO','GGGGG');
Insert into ANTE.COMPETITOR (COMPETITOR_ID,COMPETITOR_NAME,EVENT_CODE) values (131,'ONE','HHHHH');
Insert into ANTE.COMPETITOR (COMPETITOR_ID,COMPETITOR_NAME,EVENT_CODE) values (132,'TWO','HHHHH');
REM INSERTING into ANTE.EVENT
SET DEFINE OFF;
Insert into ANTE.EVENT (EVENT_CODE,EVENT_DATE,EVENT_TYPE,WINNER_ID,SETTLED,DONE,DRAW,RESULT) values ('BBBBB',to_timestamp('09-NOV-17 05.05.00.000000000 PM','DD-MON-RR HH.MI.SSXFF AM'),'FOOT',112,1,1,0,'TWO WINS');
Insert into ANTE.EVENT (EVENT_CODE,EVENT_DATE,EVENT_TYPE,WINNER_ID,SETTLED,DONE,DRAW,RESULT) values ('CCCCC',to_timestamp('09-NOV-17 05.09.00.000000000 PM','DD-MON-RR HH.MI.SSXFF AM'),'BOXI',0,1,1,1,'DRAW');
Insert into ANTE.EVENT (EVENT_CODE,EVENT_DATE,EVENT_TYPE,WINNER_ID,SETTLED,DONE,DRAW,RESULT) values ('DDDDD',to_timestamp('09-NOV-17 05.18.00.000000000 PM','DD-MON-RR HH.MI.SSXFF AM'),'BASK',0,1,1,1,'DRAW');
Insert into ANTE.EVENT (EVENT_CODE,EVENT_DATE,EVENT_TYPE,WINNER_ID,SETTLED,DONE,DRAW,RESULT) values ('EEEEE',to_timestamp('09-NOV-17 05.35.00.000000000 PM','DD-MON-RR HH.MI.SSXFF AM'),'BASK',125,1,1,0,'ONE WINS');
Insert into ANTE.EVENT (EVENT_CODE,EVENT_DATE,EVENT_TYPE,WINNER_ID,SETTLED,DONE,DRAW,RESULT) values ('FFFFF',to_timestamp('09-NOV-17 06.09.00.000000000 PM','DD-MON-RR HH.MI.SSXFF AM'),'FOOT',128,1,1,0,'TWO WINS');
Insert into ANTE.EVENT (EVENT_CODE,EVENT_DATE,EVENT_TYPE,WINNER_ID,SETTLED,DONE,DRAW,RESULT) values ('GGGGG',to_timestamp('09-NOV-17 06.11.00.000000000 PM','DD-MON-RR HH.MI.SSXFF AM'),'BOXI',129,1,1,0,'ONE WINS');
Insert into ANTE.EVENT (EVENT_CODE,EVENT_DATE,EVENT_TYPE,WINNER_ID,SETTLED,DONE,DRAW,RESULT) values ('HHHHH',to_timestamp('09-NOV-17 06.15.00.000000000 PM','DD-MON-RR HH.MI.SSXFF AM'),'BOXI',0,1,1,1,'DRAW');
Insert into ANTE.EVENT (EVENT_CODE,EVENT_DATE,EVENT_TYPE,WINNER_ID,SETTLED,DONE,DRAW,RESULT) values ('AAAAA',to_timestamp('09-NOV-17 05.03.00.000000000 PM','DD-MON-RR HH.MI.SSXFF AM'),'TENN',109,1,1,0,'ONE WINS');
REM INSERTING into ANTE.USERS
SET DEFINE OFF;
Insert into ANTE.USERS (USER_ID,TYPE,USERNAME,PASSWORD,FIRSTNAME,LASTNAME,BALANCE) values (1,1,'admin','admin',null,null,0);
Insert into ANTE.USERS (USER_ID,TYPE,USERNAME,PASSWORD,FIRSTNAME,LASTNAME,BALANCE) values (69,1,'admin2','admin','qqq','www',0);
Insert into ANTE.USERS (USER_ID,TYPE,USERNAME,PASSWORD,FIRSTNAME,LASTNAME,BALANCE) values (71,0,'chan000012','chan','christian','robles',1283.75);
Insert into ANTE.USERS (USER_ID,TYPE,USERNAME,PASSWORD,FIRSTNAME,LASTNAME,BALANCE) values (70,0,'chan','chan','christian','robles',1000);
--------------------------------------------------------
--  DDL for Index BET_UK1
--------------------------------------------------------

  CREATE UNIQUE INDEX "ANTE"."BET_UK1" ON "ANTE"."BET" ("USER_ID", "EVENT_CODE") 
  PCTFREE 10 INITRANS 2 MAXTRANS 255 COMPUTE STATISTICS 
  STORAGE(INITIAL 65536 NEXT 1048576 MINEXTENTS 1 MAXEXTENTS 2147483645
  PCTINCREASE 0 FREELISTS 1 FREELIST GROUPS 1 BUFFER_POOL DEFAULT FLASH_CACHE DEFAULT CELL_FLASH_CACHE DEFAULT)
  TABLESPACE "SYSTEM" ;
--------------------------------------------------------
--  DDL for Index USERS_UK1
--------------------------------------------------------

  CREATE UNIQUE INDEX "ANTE"."USERS_UK1" ON "ANTE"."USERS" ("USERNAME") 
  PCTFREE 10 INITRANS 2 MAXTRANS 255 COMPUTE STATISTICS 
  STORAGE(INITIAL 65536 NEXT 1048576 MINEXTENTS 1 MAXEXTENTS 2147483645
  PCTINCREASE 0 FREELISTS 1 FREELIST GROUPS 1 BUFFER_POOL DEFAULT FLASH_CACHE DEFAULT CELL_FLASH_CACHE DEFAULT)
  TABLESPACE "SYSTEM" ;
--------------------------------------------------------
--  DDL for Index COMPETITOR_UK1
--------------------------------------------------------

  CREATE UNIQUE INDEX "ANTE"."COMPETITOR_UK1" ON "ANTE"."COMPETITOR" ("COMPETITOR_NAME", "EVENT_CODE") 
  PCTFREE 10 INITRANS 2 MAXTRANS 255 COMPUTE STATISTICS 
  STORAGE(INITIAL 65536 NEXT 1048576 MINEXTENTS 1 MAXEXTENTS 2147483645
  PCTINCREASE 0 FREELISTS 1 FREELIST GROUPS 1 BUFFER_POOL DEFAULT FLASH_CACHE DEFAULT CELL_FLASH_CACHE DEFAULT)
  TABLESPACE "SYSTEM" ;
--------------------------------------------------------
--  DDL for Index BET_PK
--------------------------------------------------------

  CREATE UNIQUE INDEX "ANTE"."BET_PK" ON "ANTE"."BET" ("BET_ID") 
  PCTFREE 10 INITRANS 2 MAXTRANS 255 COMPUTE STATISTICS 
  STORAGE(INITIAL 65536 NEXT 1048576 MINEXTENTS 1 MAXEXTENTS 2147483645
  PCTINCREASE 0 FREELISTS 1 FREELIST GROUPS 1 BUFFER_POOL DEFAULT FLASH_CACHE DEFAULT CELL_FLASH_CACHE DEFAULT)
  TABLESPACE "SYSTEM" ;
--------------------------------------------------------
--  DDL for Index COMPETITOR_PK
--------------------------------------------------------

  CREATE UNIQUE INDEX "ANTE"."COMPETITOR_PK" ON "ANTE"."COMPETITOR" ("COMPETITOR_ID") 
  PCTFREE 10 INITRANS 2 MAXTRANS 255 COMPUTE STATISTICS 
  STORAGE(INITIAL 65536 NEXT 1048576 MINEXTENTS 1 MAXEXTENTS 2147483645
  PCTINCREASE 0 FREELISTS 1 FREELIST GROUPS 1 BUFFER_POOL DEFAULT FLASH_CACHE DEFAULT CELL_FLASH_CACHE DEFAULT)
  TABLESPACE "SYSTEM" ;
--------------------------------------------------------
--  DDL for Index USERS_PK
--------------------------------------------------------

  CREATE UNIQUE INDEX "ANTE"."USERS_PK" ON "ANTE"."USERS" ("USER_ID") 
  PCTFREE 10 INITRANS 2 MAXTRANS 255 COMPUTE STATISTICS 
  STORAGE(INITIAL 65536 NEXT 1048576 MINEXTENTS 1 MAXEXTENTS 2147483645
  PCTINCREASE 0 FREELISTS 1 FREELIST GROUPS 1 BUFFER_POOL DEFAULT FLASH_CACHE DEFAULT CELL_FLASH_CACHE DEFAULT)
  TABLESPACE "SYSTEM" ;
--------------------------------------------------------
--  DDL for Index EVENT_PK
--------------------------------------------------------

  CREATE UNIQUE INDEX "ANTE"."EVENT_PK" ON "ANTE"."EVENT" ("EVENT_CODE") 
  PCTFREE 10 INITRANS 2 MAXTRANS 255 COMPUTE STATISTICS 
  STORAGE(INITIAL 65536 NEXT 1048576 MINEXTENTS 1 MAXEXTENTS 2147483645
  PCTINCREASE 0 FREELISTS 1 FREELIST GROUPS 1 BUFFER_POOL DEFAULT FLASH_CACHE DEFAULT CELL_FLASH_CACHE DEFAULT)
  TABLESPACE "SYSTEM" ;
--------------------------------------------------------
--  Constraints for Table EVENT
--------------------------------------------------------

  ALTER TABLE "ANTE"."EVENT" ADD CONSTRAINT "EVENT_PK" PRIMARY KEY ("EVENT_CODE")
  USING INDEX PCTFREE 10 INITRANS 2 MAXTRANS 255 COMPUTE STATISTICS 
  STORAGE(INITIAL 65536 NEXT 1048576 MINEXTENTS 1 MAXEXTENTS 2147483645
  PCTINCREASE 0 FREELISTS 1 FREELIST GROUPS 1 BUFFER_POOL DEFAULT FLASH_CACHE DEFAULT CELL_FLASH_CACHE DEFAULT)
  TABLESPACE "SYSTEM"  ENABLE;
  ALTER TABLE "ANTE"."EVENT" MODIFY ("EVENT_CODE" NOT NULL ENABLE);
--------------------------------------------------------
--  Constraints for Table COMPETITOR
--------------------------------------------------------

  ALTER TABLE "ANTE"."COMPETITOR" MODIFY ("COMPETITOR_ID" NOT NULL ENABLE);
  ALTER TABLE "ANTE"."COMPETITOR" ADD CONSTRAINT "COMPETITOR_UK1" UNIQUE ("COMPETITOR_NAME", "EVENT_CODE")
  USING INDEX PCTFREE 10 INITRANS 2 MAXTRANS 255 COMPUTE STATISTICS 
  STORAGE(INITIAL 65536 NEXT 1048576 MINEXTENTS 1 MAXEXTENTS 2147483645
  PCTINCREASE 0 FREELISTS 1 FREELIST GROUPS 1 BUFFER_POOL DEFAULT FLASH_CACHE DEFAULT CELL_FLASH_CACHE DEFAULT)
  TABLESPACE "SYSTEM"  ENABLE;
  ALTER TABLE "ANTE"."COMPETITOR" ADD CONSTRAINT "COMPETITOR_PK" PRIMARY KEY ("COMPETITOR_ID")
  USING INDEX PCTFREE 10 INITRANS 2 MAXTRANS 255 COMPUTE STATISTICS 
  STORAGE(INITIAL 65536 NEXT 1048576 MINEXTENTS 1 MAXEXTENTS 2147483645
  PCTINCREASE 0 FREELISTS 1 FREELIST GROUPS 1 BUFFER_POOL DEFAULT FLASH_CACHE DEFAULT CELL_FLASH_CACHE DEFAULT)
  TABLESPACE "SYSTEM"  ENABLE;
--------------------------------------------------------
--  Constraints for Table USERS
--------------------------------------------------------

  ALTER TABLE "ANTE"."USERS" ADD CONSTRAINT "USERS_UK1" UNIQUE ("USERNAME")
  USING INDEX PCTFREE 10 INITRANS 2 MAXTRANS 255 COMPUTE STATISTICS 
  STORAGE(INITIAL 65536 NEXT 1048576 MINEXTENTS 1 MAXEXTENTS 2147483645
  PCTINCREASE 0 FREELISTS 1 FREELIST GROUPS 1 BUFFER_POOL DEFAULT FLASH_CACHE DEFAULT CELL_FLASH_CACHE DEFAULT)
  TABLESPACE "SYSTEM"  ENABLE;
  ALTER TABLE "ANTE"."USERS" ADD CONSTRAINT "USERS_PK" PRIMARY KEY ("USER_ID")
  USING INDEX PCTFREE 10 INITRANS 2 MAXTRANS 255 COMPUTE STATISTICS 
  STORAGE(INITIAL 65536 NEXT 1048576 MINEXTENTS 1 MAXEXTENTS 2147483645
  PCTINCREASE 0 FREELISTS 1 FREELIST GROUPS 1 BUFFER_POOL DEFAULT FLASH_CACHE DEFAULT CELL_FLASH_CACHE DEFAULT)
  TABLESPACE "SYSTEM"  ENABLE;
  ALTER TABLE "ANTE"."USERS" MODIFY ("USER_ID" NOT NULL ENABLE);
--------------------------------------------------------
--  Constraints for Table BET
--------------------------------------------------------

  ALTER TABLE "ANTE"."BET" ADD CONSTRAINT "BET_UK1" UNIQUE ("USER_ID", "EVENT_CODE")
  USING INDEX PCTFREE 10 INITRANS 2 MAXTRANS 255 COMPUTE STATISTICS 
  STORAGE(INITIAL 65536 NEXT 1048576 MINEXTENTS 1 MAXEXTENTS 2147483645
  PCTINCREASE 0 FREELISTS 1 FREELIST GROUPS 1 BUFFER_POOL DEFAULT FLASH_CACHE DEFAULT CELL_FLASH_CACHE DEFAULT)
  TABLESPACE "SYSTEM"  ENABLE;
  ALTER TABLE "ANTE"."BET" ADD CONSTRAINT "BET_PK" PRIMARY KEY ("BET_ID")
  USING INDEX PCTFREE 10 INITRANS 2 MAXTRANS 255 COMPUTE STATISTICS 
  STORAGE(INITIAL 65536 NEXT 1048576 MINEXTENTS 1 MAXEXTENTS 2147483645
  PCTINCREASE 0 FREELISTS 1 FREELIST GROUPS 1 BUFFER_POOL DEFAULT FLASH_CACHE DEFAULT CELL_FLASH_CACHE DEFAULT)
  TABLESPACE "SYSTEM"  ENABLE;
  ALTER TABLE "ANTE"."BET" MODIFY ("BET_ID" NOT NULL ENABLE);
--------------------------------------------------------
--  Ref Constraints for Table BET
--------------------------------------------------------

  ALTER TABLE "ANTE"."BET" ADD CONSTRAINT "BET_EVENTCODE_FK" FOREIGN KEY ("EVENT_CODE")
	  REFERENCES "ANTE"."EVENT" ("EVENT_CODE") ENABLE;
  ALTER TABLE "ANTE"."BET" ADD CONSTRAINT "BET_USERID_FK" FOREIGN KEY ("USER_ID")
	  REFERENCES "ANTE"."USERS" ("USER_ID") ENABLE;
--------------------------------------------------------
--  Ref Constraints for Table COMPETITOR
--------------------------------------------------------

  ALTER TABLE "ANTE"."COMPETITOR" ADD CONSTRAINT "COMPETITOR_EVENTCODE_FK1" FOREIGN KEY ("EVENT_CODE")
	  REFERENCES "ANTE"."EVENT" ("EVENT_CODE") ON DELETE CASCADE ENABLE;
